{
  "schema_version": "2d.1",
  "fusion_head": "lightgbm",
  "seeds": [
    42,
    1,
    2,
    3,
    4
  ],
  "lightgbm_defaults": {
    "n_estimators": 300,
    "learning_rate": 0.05,
    "num_leaves": 31,
    "min_child_samples": 20,
    "subsample": 1.0,
    "colsample_bytree": 1.0,
    "reg_alpha": 0.0,
    "reg_lambda": 0.0
  },
  "datasets": {
    "semeval": {
      "task_type": "classification",
      "protocol": "official_split",
      "target": "label",
      "per_prompt": false,
      "n_rows": 16003,
      "n_features": 31,
      "seeds": [
        42,
        1,
        2,
        3,
        4
      ],
      "evaluations": {
        "test_ua": {
          "n_eval": 979,
          "gbm": {
            "macro_f1": {
              "mean": 0.5239887140122471,
              "std": 0.003540026531313649,
              "n": 5
            },
            "weighted_f1": {
              "mean": 0.5280421950601293,
              "std": 0.0040122099161531396,
              "n": 5
            },
            "accuracy": {
              "mean": 0.5448416751787538,
              "std": 0.0032686414708886363,
              "n": 5
            }
          },
          "baseline": {
            "macro_f1": {
              "mean": 0.11786743515850144,
              "std": 0.0,
              "n": 5
            },
            "weighted_f1": {
              "mean": 0.246209300203407,
              "std": 0.0,
              "n": 5
            },
            "accuracy": {
              "mean": 0.4177732379979571,
              "std": 0.0,
              "n": 5
            }
          }
        },
        "test_uq": {
          "n_eval": 1552,
          "gbm": {
            "macro_f1": {
              "mean": 0.4692169806292116,
              "std": 0.0050803870837521905,
              "n": 5
            },
            "weighted_f1": {
              "mean": 0.4595763462259267,
              "std": 0.004784424909101142,
              "n": 5
            },
            "accuracy": {
              "mean": 0.4818298969072165,
              "std": 0.004143797729591115,
              "n": 5
            }
          },
          "baseline": {
            "macro_f1": {
              "mean": 0.11743286299499318,
              "std": 0.0,
              "n": 5
            },
            "weighted_f1": {
              "mean": 0.24402125203534344,
              "std": 0.0,
              "n": 5
            },
            "accuracy": {
              "mean": 0.4155927835051546,
              "std": 5.551115123125783e-17,
              "n": 5
            }
          }
        },
        "test_ud": {
          "n_eval": 4562,
          "gbm": {
            "macro_f1": {
              "mean": 0.42080544051779,
              "std": 0.0012255930402437442,
              "n": 5
            },
            "weighted_f1": {
              "mean": 0.44176739935346443,
              "std": 0.0014808755802726253,
              "n": 5
            },
            "accuracy": {
              "mean": 0.4656729504603244,
              "std": 0.0016438696413198345,
              "n": 5
            }
          },
          "baseline": {
            "macro_f1": {
              "mean": 0.11835159746874517,
              "std": 0.0,
              "n": 5
            },
            "weighted_f1": {
              "mean": 0.24866288069660727,
              "std": 0.0,
              "n": 5
            },
            "accuracy": {
              "mean": 0.4202104340201666,
              "std": 0.0,
              "n": 5
            }
          }
        }
      },
      "headline": {
        "split": "test_ud",
        "metric": "macro_f1",
        "gbm": {
          "mean": 0.42080544051779,
          "std": 0.0012255930402437442,
          "n": 5
        },
        "baseline": {
          "mean": 0.11835159746874517,
          "std": 0.0,
          "n": 5
        }
      },
      "lightgbm_tuned": {
        "n_estimators": 350,
        "learning_rate": 0.013317833614935768,
        "num_leaves": 117,
        "min_child_samples": 5,
        "subsample": 0.7566812008513515,
        "colsample_bytree": 0.7969294162667596,
        "reg_alpha": 0.012201294003388123,
        "reg_lambda": 0.22730675137557824
      },
      "hpo_validation": "inner_cv"
    },
    "saf": {
      "task_type": "regression",
      "protocol": "official_split",
      "target": "score",
      "per_prompt": false,
      "n_rows": 2981,
      "n_features": 31,
      "seeds": [
        42,
        1,
        2,
        3,
        4
      ],
      "evaluations": {
        "test_ua": {
          "n_eval": 375,
          "gbm": {
            "rmse": {
              "mean": 0.31137973424730997,
              "std": 0.0031359618093193013,
              "n": 5
            },
            "mae": {
              "mean": 0.2000918805244512,
              "std": 0.002845185801776174,
              "n": 5
            },
            "pearson": {
              "mean": 0.9038531580730786,
              "std": 0.0018995437113609685,
              "n": 5
            },
            "spearman": {
              "mean": 0.7611436370432489,
              "std": 0.00652951132469254,
              "n": 5
            }
          },
          "baseline": {
            "rmse": {
              "mean": 0.727585737850788,
              "std": 0.0,
              "n": 5
            },
            "mae": {
              "mean": 0.4702295529411765,
              "std": 5.551115123125783e-17,
              "n": 5
            },
            "pearson": {
              "mean": NaN,
              "std": NaN,
              "n": 0
            },
            "spearman": {
              "mean": NaN,
              "std": NaN,
              "n": 0
            }
          }
        },
        "test_uq": {
          "n_eval": 479,
          "gbm": {
            "rmse": {
              "mean": 0.5951195586418419,
              "std": 0.008301361085090308,
              "n": 5
            },
            "mae": {
              "mean": 0.44343595262099483,
              "std": 0.011781500205571897,
              "n": 5
            },
            "pearson": {
              "mean": 0.019284772665841568,
              "std": 0.032756562912035284,
              "n": 5
            },
            "spearman": {
              "mean": 0.052404622831530814,
              "std": 0.041498640415226266,
              "n": 5
            }
          },
          "baseline": {
            "rmse": {
              "mean": 0.5427872685626319,
              "std": 0.0,
              "n": 5
            },
            "mae": {
              "mean": 0.39991000859634035,
              "std": 0.0,
              "n": 5
            },
            "pearson": {
              "mean": NaN,
              "std": NaN,
              "n": 0
            },
            "spearman": {
              "mean": NaN,
              "std": NaN,
              "n": 0
            }
          }
        }
      },
      "headline": {
        "split": "test_uq",
        "metric": "pearson",
        "gbm": {
          "mean": 0.019284772665841568,
          "std": 0.032756562912035284,
          "n": 5
        },
        "baseline": {
          "mean": NaN,
          "std": NaN,
          "n": 0
        }
      },
      "lightgbm_tuned": {
        "n_estimators": 350,
        "learning_rate": 0.09550106614437835,
        "num_leaves": 23,
        "min_child_samples": 17,
        "subsample": 0.9269505818871024,
        "colsample_bytree": 0.8065941267025423,
        "reg_alpha": 0.07054382978969148,
        "reg_lambda": 0.7224902524982866
      },
      "hpo_validation": "dev"
    },
    "asap_sas": {
      "task_type": "ordinal",
      "protocol": "official_split",
      "target": "score",
      "per_prompt": true,
      "n_rows": 8722,
      "n_features": 31,
      "seeds": [
        42,
        1,
        2,
        3,
        4
      ],
      "evaluations": {
        "test_ua": {
          "n_eval": 2180,
          "n_prompts": 4,