{"task_type": "regression", "protocol": "kfold", "target": "score", "per_prompt": false, "backbone": "microsoft/deberta-v3-base", "seeds": [42], "evaluations": {"cv": {"n_eval": 616, "n_folds": 5, "neural": {"pearson": {"mean": 0.04753196223831392, "std": 0.0, "n": 1}, "spearman": {"mean": 0.08155546252421075, "std": 0.0, "n": 1}, "rmse": {"mean": 3.8763651193653623, "std": 0.0, "n": 1}, "mae": {"mean": 3.7125343046114816, "std": 0.0, "n": 1}}, "baseline": {"pearson": {"mean": -0.1662612964729489, "std": 0.0, "n": 1}, "spearman": {"mean": -0.1813546243340702, "std": 0.0, "n": 1}, "rmse": {"mean": 1.1640582263776464, "std": 0.0, "n": 1}, "mae": {"mean": 0.9588110047867742, "std": 0.0, "n": 1}}}}, "headline": {"split": "cv", "metric": "pearson", "neural": {"mean": 0.04753196223831392, "std": 0.0, "n": 1}, "baseline": {"mean": -0.1662612964729489, "std": 0.0, "n": 1}}}