{"task_type": "classification", "protocol": "official_split", "target": "label", "per_prompt": false, "backbone": "microsoft/deberta-v3-base", "seeds": [42], "evaluations": {"test_ua": {"n_eval": 979, "neural": {"macro_f1": {"mean": 0.11786743515850144, "std": 0.0, "n": 1}, "weighted_f1": {"mean": 0.246209300203407, "std": 0.0, "n": 1}, "accuracy": {"mean": 0.4177732379979571, "std": 0.0, "n": 1}}, "baseline": {"macro_f1": {"mean": 0.11786743515850144, "std": 0.0, "n": 1}, "weighted_f1": {"mean": 0.246209300203407, "std": 0.0, "n": 1}, "accuracy": {"mean": 0.4177732379979571, "std": 0.0, "n": 1}}}, "test_uq": {"n_eval": 1552, "neural": {"macro_f1": {"mean": 0.11743286299499318, "std": 0.0, "n": 1}, "weighted_f1": {"mean": 0.24402125203534344, "std": 0.0, "n": 1}, "accuracy": {"mean": 0.41559278350515466, "std": 0.0, "n": 1}}, "baseline": {"macro_f1": {"mean": 0.11743286299499318, "std": 0.0, "n": 1}, "weighted_f1": {"mean": 0.24402125203534344, "std": 0.0, "n": 1}, "accuracy": {"mean": 0.41559278350515466, "std": 0.0, "n": 1}}}, "test_ud": {"n_eval": 4562, "neural": {"macro_f1": {"mean": 0.11835159746874517, "std": 0.0, "n": 1}, "weighted_f1": {"mean": 0.24866288069660727, "std": 0.0, "n": 1}, "accuracy": {"mean": 0.4202104340201666, "std": 0.0, "n": 1}}, "baseline": {"macro_f1": {"mean": 0.11835159746874517, "std": 0.0, "n": 1}, "weighted_f1": {"mean": 0.24866288069660727, "std": 0.0, "n": 1}, "accuracy": {"mean": 0.4202104340201666, "std": 0.0, "n": 1}}}}, "headline": {"split": "test_ud", "metric": "macro_f1", "neural": {"mean": 0.11835159746874517, "std": 0.0, "n": 1}, "baseline": {"mean": 0.11835159746874517, "std": 0.0, "n": 1}}}